序号,链接,节点数
0,https://node.oneclash.cc/2026/07/20260709.txt,0
1,https://node.oneclash.cc/2026/07/20260709.yaml,0
2,https://nodefree.org/dy/2026/07/20260709.yaml,0
3,https://v2rayshare.com/wp-content/uploads/2026/07/20260709.txt,0
4,https://wefound.cc/freenode/2026/07/20260707.txt,0
5,104.168.244.47:12580/clash/proxies,0
6,123.57.192.169:7777/clash/proxies,0
7,146.56.97.77:12580/clash/proxies,0
8,150.230.251.224:12580/clash/proxies,0
9,brovee.myds.me:12580/clash/proxies,0
10,carterzheng.synology.me:8008/clash/proxies,0
11,haohaoxiong.myqnapcloud.com:12580/clash/proxies,0
12,http://47.94.205.252:8080/V2Cloud/getVmess,0
13,http://beetle.lander.work/clash/proxies,0
14,http://weoknow.com/data/dayupdate/1/z1.txt,155
15,https://0xerfan.github.io/v2ray/,0
16,https://9527521.xyz/pubconfig/YCw0l6R3PoDbGFq5,0
17,https://anaer.github.io/Sub/clash.yaml,5381
18,https://clash.221207.xyz/pubclashyaml,0
19,https://clashe.eu.org/clash/proxies,0
20,https://cxsub.club/link/V3Th0AyWhutlptyH?clash=1,0
21,https://fetchjiedian.feisu360.xyz/clash/proxies,0
22,https://free-ss.site,596
23,https://free.datiya.com,0
24,https://free.dsdog.tk/clash/proxies,0
25,https://free.iam7.tk/clash/proxies,0
26,https://free.jingfu.cf/clash/proxies,0
27,https://freefq.com,828
28,https://ghproxy.com//raw.githubusercontent.com/yaney01/Yaney01/main/yaney_01,41
29,https://github.com/LonUp/NodeList/raw/main/Clash/Node/Latest.yaml,1451
30,https://github.com/LonUp/NodeList/raw/main/V2RAY/Latest_base64.txt,136
31,https://github.com/MrMohebi/xray-proxy-grabber-telegram/raw/master/collected-proxies/clash-meta/all.yaml,0
32,https://github.com/MrMohebi/xray-proxy-grabber-telegram/raw/master/collected-proxies/row-url/all.txt,0
33,https://github.com/barry-far/V2ray-Configs/raw/main/All_Configs_Sub.txt,1088
34,https://github.com/barry-far/V2ray-Configs/raw/main/All_Configs_base64_Sub.txt,1088
35,https://github.com/barry-far/V2ray-Configs/raw/main/Splitted-By-Protocol/ss.txt,1088
36,https://github.com/barry-far/V2ray-Configs/raw/main/Splitted-By-Protocol/trojan.txt,1088
37,https://github.com/barry-far/V2ray-Configs/raw/main/Splitted-By-Protocol/vless.txt,1088
38,https://github.com/barry-far/V2ray-Configs/raw/main/Splitted-By-Protocol/vmess.txt,1088
39,https://github.com/mahdibland/V2RayAggregator/raw/master/sub/sub_merge_yaml.yml,5443
40,https://github.com/mermeroo/V2RAY-FREE/raw/main/All_Configs_base64_Sub.txt,0
41,https://github.com/mermeroo/V2RAY-FREE/raw/main/Base64/Sub1_base64.txt,0
42,https://github.com/mermeroo/V2RAY-FREE/raw/main/Base64/Sub2_base64.txt,0
43,https://github.com/mermeroo/V2RAY-FREE/raw/main/Base64/Sub3_base64.txt,0
44,https://github.com/mermeroo/V2RAY-FREE/raw/main/Base64/Sub4_base64.txt,0
45,https://github.com/mermeroo/V2RAY-FREE/raw/main/Base64/Sub5_base64.txt,0
46,https://github.com/mermeroo/telegram-configs-collector/raw/main/protocols/hysteria,0
47,https://github.com/mermeroo/telegram-configs-collector/raw/main/protocols/juicity,0
48,https://github.com/mermeroo/telegram-configs-collector/raw/main/protocols/tuic,0
49,https://github.com/theGreatPeter/v2rayNodes/raw/main/nodes.txt,25
50,https://github.com/vxiaov/free_proxy_ss/raw/main/clash/clash.provider.yaml,0
51,https://gitlab.com/univstar1/v2ray/-/raw/main/data/clash/general.yaml,197
52,https://hyt-allen-xu.netlify.app,0
53,https://itlao6.com/10962.html,0
54,https://iwxf.netlify.app,39
55,https://jiang.netlify.app,161
56,https://laxcity.pages.dev/clash/proxies,0
57,https://lncn.org,0
58,https://mirror.ghproxy.com/https://raw.githubusercontent.com/Barabama/FreeNodes/master/nodes/blues.txt,0
59,https://mirror.ghproxy.com/https://raw.githubusercontent.com/Barabama/FreeNodes/master/nodes/halekj.txt,0
60,https://mirror.ghproxy.com/https://raw.githubusercontent.com/Barabama/FreeNodes/master/nodes/kkzui.txt,0
61,https://mirror.ghproxy.com/https://raw.githubusercontent.com/Barabama/FreeNodes/master/nodes/merged.txt,0
62,https://mirror.ghproxy.com/https://raw.githubusercontent.com/Barabama/FreeNodes/master/nodes/nodefree.txt,0
63,https://mirror.ghproxy.com/https://raw.githubusercontent.com/Barabama/FreeNodes/master/nodes/openrunner.txt,0
64,https://mirror.ghproxy.com/https://raw.githubusercontent.com/Barabama/FreeNodes/master/nodes/v2rayshare.txt,0
65,https://mirror.ghproxy.com/https://raw.githubusercontent.com/Barabama/FreeNodes/master/nodes/wenode.txt,0
66,https://mirror.ghproxy.com/https://raw.githubusercontent.com/Barabama/FreeNodes/master/nodes/yudou66.txt,0
67,https://muma16fx.netlify.app,20
68,https://nodefree.org/dy/2023/08/20230806.yaml,0
69,https://nodefree.org/dy/2023/12/20231221.txt,0
70,https://pool.sagithome.com/clash/proxies,0
71,https://prop.cf/?name=paimon&client=base64,0
72,https://prop.cf/?name=paimon&client=clash,0
73,https://proxy.crazygeeky.com/clash/proxies,0
74,https://proxy.fldhhhhhh.top/clash/proxies,0
75,https://proxy.yiun.xyz/clash/proxies,0
76,https://proxy.yugogo.xyz/clash/proxie,0
77,https://proxypool.link,166
78,https://proxypool.link/clash/proxies,120
79,https://proxypool1999.banyunxiaoxi.icu/clash/proxies,149
80,https://pxypool.131433.xyz/clash/proxies,4
81,https://qiaomenzhuanfx.netlify.app,1
82,https://raw.fastgit.org/freefq/free/master/v2,0
83,https://raw.githubusercontent.com/245237866/v2rayn/main/everydaynode,410
84,https://raw.githubusercontent.com/52bp/52bp.github.io/master/freesite.html,0
85,https://raw.githubusercontent.com/69z1zfw2fly/fly/main/2.yaml,74
86,https://raw.githubusercontent.com/9Fork/openit/main/Clash.yaml,0
87,https://raw.githubusercontent.com/ALIILAPRO/v2rayNG-Config/main/server.txt,800
88,https://raw.githubusercontent.com/ALIILAPRO/v2rayNG-Config/main/sub.txt,809
89,https://raw.githubusercontent.com/Alvin9999/pac2/master/clash/1/config.yaml,0
90,https://raw.githubusercontent.com/Ashkan-m/v2ray/main/Sub.txt,28
91,https://raw.githubusercontent.com/AzadNetCH/Clash/main/AzadNet.yml,0
92,https://raw.githubusercontent.com/AzadNetCH/Clash/main/AzadNet_iOS.txt,6
93,https://raw.githubusercontent.com/BUTUbird/ClashPoint/main/application.yaml,16
94,https://raw.githubusercontent.com/Creativveb/v2configs/main/updated,83
95,https://raw.githubusercontent.com/Flik6/getNode/main/clash.yaml,0
96,https://raw.githubusercontent.com/Flik6/getNode/main/v2ray.txt,0
97,https://raw.githubusercontent.com/GreenFishStudio/GreenFish/master/Subscription/GreenFishYYDS,0
98,https://raw.githubusercontent.com/IranianCypherpunks/sub/main/config,0
99,https://raw.githubusercontent.com/Jason05211211/Freerocket/main/freessr,28
100,https://raw.githubusercontent.com/Jia-Pingwa/free-v2ray-merge/main/output.txt,330
101,https://raw.githubusercontent.com/Jsnzkpg/Jsnzkpg/Jsnzkpg/Jsnzkpg,42
102,https://raw.githubusercontent.com/Junely/clash/main/template3.yaml,492
103,https://raw.githubusercontent.com/Kwinshadow/TelegramV2rayCollector/main/b64configs.txt,0
104,https://raw.githubusercontent.com/LalatinaHub/Mineral/master/result/nodes,2104
105,https://raw.githubusercontent.com/LalatinaHub/Mineral/master/result/nodes2,0
106,https://raw.githubusercontent.com/LayneChai/subscribe/main/README.md,0
107,https://raw.githubusercontent.com/Leon406/SubCrawler/main/sub/share/all3,0
108,https://raw.githubusercontent.com/Leon406/SubCrawler/main/sub/share/all4,0
109,https://raw.githubusercontent.com/Leon406/SubCrawler/main/sub/share/v2,339
110,https://raw.githubusercontent.com/Lewis-1217/FreeNodes/main/bpjzx1,33
111,https://raw.githubusercontent.com/Lewis-1217/FreeNodes/main/bpjzx2,0
112,https://raw.githubusercontent.com/MOnday9907/v2ray/main/v2ray.txt,12
113,https://raw.githubusercontent.com/Mahanfix/v2rayvpn/main/mahanfix,1
114,https://raw.githubusercontent.com/MhdiTaheri/V2rayCollector/main/sub/hysteriabase64,86
115,https://raw.githubusercontent.com/MhdiTaheri/V2rayCollector/main/sub/ssbase64,910
116,https://raw.githubusercontent.com/MhdiTaheri/V2rayCollector/main/sub/trojanbase64,207
117,https://raw.githubusercontent.com/MhdiTaheri/V2rayCollector/main/sub/tuicbase64,86
118,https://raw.githubusercontent.com/Mohammadgb0078/IRV2ray/main/vless.txt,266
119,https://raw.githubusercontent.com/Mohammadgb0078/IRV2ray/main/vmess.txt,37
120,https://raw.githubusercontent.com/Mr8AHAL/v2ray/main/SERVER.txt,26
121,https://raw.githubusercontent.com/MrMohebi/xray-proxy-grabber-telegram/master/collected-proxies/row-url/actives.txt,0
122,https://raw.githubusercontent.com/MrMohebi/xray-proxy-grabber-telegram/master/collected-proxies/row-url/all.txt,0
123,https://raw.githubusercontent.com/MrPooyaX/SansorchiFucker/main/data.txt,13
124,https://raw.githubusercontent.com/MrPooyaX/VpnsFucking/main/Shenzo.txt,20
125,https://raw.githubusercontent.com/NiceVPN123/NiceVPN/main/Clash.yaml,3646
126,https://raw.githubusercontent.com/Pawdroid/Free-servers/main/sub,19
127,https://raw.githubusercontent.com/Pcrab/Dotfiles/912c1104b3f8121f72f7ee11590f52bc9c44dde7/.config/electron-ssr/gui-config.json,0
128,https://raw.githubusercontent.com/QQnight/SubCrawler/main/sub/share/all,0
129,https://raw.githubusercontent.com/RaymondHarris971/ssrsub/master/9a075bdee5.txt,15
130,https://raw.githubusercontent.com/Rokate/Proxy-Sub/main/clash/clash_ssr.yml,0
131,https://raw.githubusercontent.com/Rokate/Proxy-Sub/main/clash/clash_trojan.yml,0
132,https://raw.githubusercontent.com/Rokate/Proxy-Sub/main/clash/clash_v2ray.yml,0
133,https://raw.githubusercontent.com/SamanValipour1/My-v2ray-configs/main/MySub.txt,27
134,https://raw.githubusercontent.com/Strongmiao168/v2ray/main/1203,83
135,https://raw.githubusercontent.com/Tenerome/v2ray/main/vmess.txt,119
136,https://raw.githubusercontent.com/Vauth/node/main/Main,0
137,https://raw.githubusercontent.com/Vauth/node/main/Mix,0
138,https://raw.githubusercontent.com/Vauth/node/main/Pro,0
139,https://raw.githubusercontent.com/VpnNetwork01/vpn-net/main/README.md,81
140,https://raw.githubusercontent.com/YasserDivaR/pr0xy/main/ShadowSocks2021.txt,132
141,https://raw.githubusercontent.com/YasserDivaR/pr0xy/main/winformClash.yaml,628
142,https://raw.githubusercontent.com/ZY-404/v2ray/main/v2ray.txt,447
143,https://raw.githubusercontent.com/ZywChannel/free/main/sub,232
144,https://raw.githubusercontent.com/a2470982985/getNode/main/v2ray.txt,0
145,https://raw.githubusercontent.com/abshare/abshare.github.io/main/README.md,38
146,https://raw.githubusercontent.com/adiwzx/freenode/main/adispeed.txt,89
147,https://raw.githubusercontent.com/adminaliang/v2ray/main/v2ray,16
148,https://raw.githubusercontent.com/aiboboxx/clashfree/main/clash.yml,0
149,https://raw.githubusercontent.com/aiboboxx/v2rayfree/main/v2,0
150,https://raw.githubusercontent.com/amirmohammad-mohammad-88/Sub-Reality-Azadi-config/Config/Azadi-Reality-Different,0
151,https://raw.githubusercontent.com/amirmohammad-mohammad-88/Sub-Reality-Azadi-config/Config/Azadi-Reality-Different-Base64,0
152,https://raw.githubusercontent.com/anaer/Sub/main/clash.yaml,5381
153,https://raw.githubusercontent.com/anorika77/v2ray-subscribe/main/README.md,72
154,https://raw.githubusercontent.com/awesome-vpn/awesome-vpn/master/all,184
155,https://raw.githubusercontent.com/baip01/clash/main/clash,21
156,https://raw.githubusercontent.com/baipiao0/baipiao02/main/v2ray,23
157,https://raw.githubusercontent.com/barry-far/V2ray-Configs/main/Splitted-By-Protocol/vless.txt,0
158,https://raw.githubusercontent.com/bingoYB/node_processing/main/dist/all.yaml,0
159,https://raw.githubusercontent.com/budamu/clashconfig/main/v2ray.txt,0
160,https://raw.githubusercontent.com/budamu/clashconfig/main/v2ray2.txt,0
161,https://raw.githubusercontent.com/caijh/FreeProxiesScraper/main/README.md,161
162,https://raw.githubusercontent.com/cdp2020/v2ray/master/README.md,7
163,https://raw.githubusercontent.com/chfchf0306/clash/main/clash,448
164,https://raw.githubusercontent.com/chfchf0306/jeidian4.18/main/4.18,0
165,https://raw.githubusercontent.com/chongdong1230/dxz/main/clash,90
166,https://raw.githubusercontent.com/codingbox/Free-Node-Merge/main/node.txt,44
167,https://raw.githubusercontent.com/cxr9912/cxr2022/main/free.yaml,0
168,https://raw.githubusercontent.com/cxr9912/cxr2022/main/mix.yaml,0
169,https://raw.githubusercontent.com/cxr9912/cxr2022/main/ss.yaml,0
170,https://raw.githubusercontent.com/cxr9912/cxr2022/main/ssr.yaml,0
171,https://raw.githubusercontent.com/cxr9912/cxr2022/main/vmess.yaml,0
172,https://raw.githubusercontent.com/dalazhi/v2ray/main/v2ray%E8%AE%A2%E9%98%85,18
173,https://raw.githubusercontent.com/dalazhi/v2ray/main/v2ray订阅,18
174,https://raw.githubusercontent.com/du5/free/master/file/0909/Clash.yaml,34
175,https://raw.githubusercontent.com/ermaozi/get_subscribe/main/subscribe/clash.yml,2
176,https://raw.githubusercontent.com/ermaozi01/free_clash_vpn/main/subscribe/clash.yml,18
177,https://raw.githubusercontent.com/ermaozi01/free_clash_vpn/main/subscribe/v2ray.txt,0
178,https://raw.githubusercontent.com/eycorsican/rule-sets/master/kitsunebi_sub,5
179,https://raw.githubusercontent.com/free18/v2ray/main/Clash.yaml,0
180,https://raw.githubusercontent.com/freebaipiao/freebaipiao/main/jiassweetoy3.yaml,6
181,https://raw.githubusercontent.com/freefq/free/master/README.md,30
182,https://raw.githubusercontent.com/freefq/free/master/v2,15
183,https://raw.githubusercontent.com/freenodes/freenodes/main/clash.yaml,0
184,https://raw.githubusercontent.com/freev2rayconfig/V2RAY_SUBSCRIPTION_LINK/main/v2rayconfigs.txt,0
185,https://raw.githubusercontent.com/gitbigg/permalink/main/subscribe,19
186,https://raw.githubusercontent.com/gooooooooooooogle/Clash-Config/main/Clash.yaml,1
187,https://raw.githubusercontent.com/gtang8/SubCrawler/main/sub/share/all,67
188,https://raw.githubusercontent.com/hkaa0/permalink/e8f97142d083c0f5dac55af7b6531b300f273b4d/proxy/V2ray,56
189,https://raw.githubusercontent.com/hkaa0/permalink/main/proxy/V2ray,0
190,https://raw.githubusercontent.com/hkaa0/permalink/main/proxy/clash,0
191,https://raw.githubusercontent.com/hotsymbol/vpnsetting/master/v2rayopen,14
192,https://raw.githubusercontent.com/hsb4657/v2ray/main/lastest.txt,0
193,https://raw.githubusercontent.com/igeekshare/GeekshareFreeNode/main/clash/Geekshare.yaml,13
194,https://raw.githubusercontent.com/imohammadkhalili/V2RAY/main/Mkhalili,0
195,https://raw.githubusercontent.com/itxve/fetch-clash-node/main/node/ClashNode.yaml,125
196,https://raw.githubusercontent.com/iwxf/free-v2ray/master/index.html,0
197,https://raw.githubusercontent.com/jikelonglie/meskell/main/meskell,0
198,https://raw.githubusercontent.com/jiquanxiang/abc/main/v7,43
199,https://raw.githubusercontent.com/jw853355718/clash_233/master/config.yml,0
200,https://raw.githubusercontent.com/kaoxindalao/v2raycheshi/main/v2raycheshi,210
201,https://raw.githubusercontent.com/kevin-wud/v2ray-node/main/clash.yaml,75
202,https://raw.githubusercontent.com/lcx12901/v2ray-/master/sspool.herokuapp.com/yzcloud.yaml,0
203,https://raw.githubusercontent.com/lcx12901/v2ray-/master/sspool.herokuapp.com/yzcloud2.yaml,0
204,https://raw.githubusercontent.com/learnhard-cn/free_proxy_ss/main/clash/clash.provider.yaml,0
205,https://raw.githubusercontent.com/learnhard-cn/free_proxy_ss/main/clash/config.yaml,0
206,https://raw.githubusercontent.com/learnhard-cn/free_proxy_ss/main/free,8
207,https://raw.githubusercontent.com/learnhard-cn/free_proxy_ss/main/ss/sssub,4
208,https://raw.githubusercontent.com/learnhard-cn/free_proxy_ss/main/ssr/ssrsub,2
209,https://raw.githubusercontent.com/learnhard-cn/free_proxy_ss/main/v2ray/v2raysub,4
210,https://raw.githubusercontent.com/lflflf999/0516/main/BX-JD,149
211,https://raw.githubusercontent.com/lisylva-lee/v2dyku/main/ssr,0
212,https://raw.githubusercontent.com/lisylva-lee/v2dyku/main/v2dy,0
213,https://raw.githubusercontent.com/luxl-1379/merge/77247d23def72b25226dfa741614e9b07a569c72/sub/sub_merge_base64.txt,0
214,https://raw.githubusercontent.com/mahdibland/ShadowsocksAggregator/master/sub/sub_merge.txt,5362
215,https://raw.githubusercontent.com/mahdibland/V2RayAggregator/master/sub/sub_merge.txt,5362
216,https://raw.githubusercontent.com/mahdibland/get_v2/main/pub/ircp,1
217,https://raw.githubusercontent.com/mermeroo/Clash-V2ray/main/v2ray,0
218,https://raw.githubusercontent.com/mermeroo/free-v2ray-collector/main/main/mix,0
219,https://raw.githubusercontent.com/mermeroo/free-v2ray-collector/main/main/reality,0
220,https://raw.githubusercontent.com/mermeroo/free-v2ray-collector/main/main/shadowsocks,0
221,https://raw.githubusercontent.com/mermeroo/free-v2ray-collector/main/main/trojan,0
222,https://raw.githubusercontent.com/mermeroo/free-v2ray-collector/main/main/vless,0
223,https://raw.githubusercontent.com/mermeroo/free-v2ray-collector/main/main/vmess,0
224,https://raw.githubusercontent.com/mfuu/v2ray/master/merge/merge.txt,0
225,https://raw.githubusercontent.com/mfuu/v2ray/master/v2ray,124
226,https://raw.githubusercontent.com/mheidari98/.proxy/main/all,0
227,https://raw.githubusercontent.com/mianfeifq/share/main/README.md,0
228,https://raw.githubusercontent.com/misersun/config003/main/config_all.yaml,133
229,https://raw.githubusercontent.com/misersun/config003/main/config_all_quest.yaml,34
230,https://raw.githubusercontent.com/mksshare/mksshare.github.io/main/README.md,0
231,https://raw.githubusercontent.com/mlabalabala/v2ray-node/main/nodefree4clash.txt,10
232,https://raw.githubusercontent.com/moneyfly1/sublist/main/clash.yml,78
233,https://raw.githubusercontent.com/nasheep/FreeNode/main/clash/PlayLab,25
234,https://raw.githubusercontent.com/ntkernel/lantern/master/vmess_base64.txt,0
235,https://raw.githubusercontent.com/obscure1990/freeVM/master/snippets/nodes.yml,0
236,https://raw.githubusercontent.com/openRunner/clash-freenode/main/v2ray.txt,0
237,https://raw.githubusercontent.com/oslook/clash-freenode/main/clash.yaml,0
238,https://raw.githubusercontent.com/parkerpa/zypjj/main/clash,105
239,https://raw.githubusercontent.com/parsashonam/v2ray/main/all,0
240,https://raw.githubusercontent.com/peasoft/NoMoreWalls/master/list.txt,209
241,https://raw.githubusercontent.com/personqianduixue/SubCrawler/main/sub/share/all,0
242,https://raw.githubusercontent.com/pojiezhiyuanjun/2023/master/0804clash.yml,75
243,https://raw.githubusercontent.com/pojiezhiyuanjun/freev2/master/20200808.txt,19
244,https://raw.githubusercontent.com/renyige1314/CLASH/main/CLASH,60
245,https://raw.githubusercontent.com/resasanian/Mirza/main/ss,33
246,https://raw.githubusercontent.com/resasanian/Mirza/main/sub,106
247,https://raw.githubusercontent.com/ripaojiedian/freenode/main/clash,14
248,https://raw.githubusercontent.com/ripaojiedian/freenode/main/sub,14
249,https://raw.githubusercontent.com/ronghuaxueleng/get_v2/main/pub/changfengoss.yaml,0
250,https://raw.githubusercontent.com/ronghuaxueleng/get_v2/main/pub/combine.yaml,187
251,https://raw.githubusercontent.com/rxsweet/proxies/main/sub/free.yaml,0
252,https://raw.githubusercontent.com/rxsweet/proxies/main/sub/rx.yaml,0
253,https://raw.githubusercontent.com/rxsweet/proxies/main/sub/rx64.txt,0
254,https://raw.githubusercontent.com/rxsweet/proxies/main/sub/sources/crawlTGnode.txt,0
255,https://raw.githubusercontent.com/rxsweet/proxies/main/sub/sources/dynamicAll.yaml,0
256,https://raw.githubusercontent.com/rxsweet/proxies/main/sub/sources/miningAll.yaml,0
257,https://raw.githubusercontent.com/rxsweet/proxies/main/sub/srx.yaml,0
258,https://raw.githubusercontent.com/sami-soft/v2rayN_proxy/main/new1.txt,452
259,https://raw.githubusercontent.com/samjoeyang/subscribe/main/fly,0
260,https://raw.githubusercontent.com/satrom/V2SSR/master/SSR/Day.txt,0
261,https://raw.githubusercontent.com/satrom/V2SSR/master/SSR/Sub.txt,0
262,https://raw.githubusercontent.com/satrom/V2SSR/master/V2RAY/Sub.txt,0
263,https://raw.githubusercontent.com/sh3d0ww02f/sh3d0ww02f.github.io/main/clash1.yaml,1
264,https://raw.githubusercontent.com/sh3d0ww02f/sh3d0ww02f.github.io/main/ssr.config,13
265,https://raw.githubusercontent.com/shbioc/clash/main/aaa01.yaml,20
266,https://raw.githubusercontent.com/soroushmirzaei/telegram-configs-collector/main/channels/protocols/hysteria,0
267,https://raw.githubusercontent.com/soroushmirzaei/telegram-configs-collector/main/channels/protocols/juicity,0
268,https://raw.githubusercontent.com/soroushmirzaei/telegram-configs-collector/main/channels/protocols/reality,0
269,https://raw.githubusercontent.com/soroushmirzaei/telegram-configs-collector/main/channels/protocols/shadowsocks,0
270,https://raw.githubusercontent.com/soroushmirzaei/telegram-configs-collector/main/channels/protocols/trojan,0
271,https://raw.githubusercontent.com/soroushmirzaei/telegram-configs-collector/main/channels/protocols/tuic,0
272,https://raw.githubusercontent.com/soroushmirzaei/telegram-configs-collector/main/channels/protocols/vless,0
273,https://raw.githubusercontent.com/soroushmirzaei/telegram-configs-collector/main/channels/protocols/vmess,0
274,https://raw.githubusercontent.com/soroushmirzaei/telegram-configs-collector/main/protocols/hysteria,0
275,https://raw.githubusercontent.com/soroushmirzaei/telegram-configs-collector/main/protocols/juicity,0
276,https://raw.githubusercontent.com/soroushmirzaei/telegram-configs-collector/main/protocols/reality,0
277,https://raw.githubusercontent.com/soroushmirzaei/telegram-configs-collector/main/protocols/shadowsocks,0
278,https://raw.githubusercontent.com/soroushmirzaei/telegram-configs-collector/main/protocols/trojan,0
279,https://raw.githubusercontent.com/soroushmirzaei/telegram-configs-collector/main/protocols/tuic,0
280,https://raw.githubusercontent.com/soroushmirzaei/telegram-configs-collector/main/protocols/vless,0
281,https://raw.githubusercontent.com/soroushmirzaei/telegram-configs-collector/main/protocols/vmess,0
282,https://raw.githubusercontent.com/ssrsub/ssr/master/Clash.yml,0
283,https://raw.githubusercontent.com/ssrsub/ssr/master/V2Ray,0
284,https://raw.githubusercontent.com/ssrsub/ssr/master/ss-sub,0
285,https://raw.githubusercontent.com/ssrsub/ssr/master/ssrsub,0
286,https://raw.githubusercontent.com/ssrsub/ssr/master/trojan,0
287,https://raw.githubusercontent.com/ssrsub/ssr/master/v2ray,194
288,https://raw.githubusercontent.com/sun9426/sun9426.github.io/main/subscribe/Clash.yaml,449
289,https://raw.githubusercontent.com/tbbatbb/Proxy/master/dist/clash.config.yaml,0
290,https://raw.githubusercontent.com/tjyu010/jiedian/main/21,37
291,https://raw.githubusercontent.com/tony0392/clash/main/clash.yaml,76
292,https://raw.githubusercontent.com/ts-sf/fly/main/clash,142
293,https://raw.githubusercontent.com/ts-sf/fly/main/v2,143
294,https://raw.githubusercontent.com/umelabs/node.umelabs.dev/master/Subscribe/SSR.md,4
295,https://raw.githubusercontent.com/umelabs/node.umelabs.dev/master/Subscribe/v2ray.md,5
296,https://raw.githubusercontent.com/voken100g/AutoSSR/master/online,8
297,https://raw.githubusercontent.com/voken100g/AutoSSR/master/recent,11
298,https://raw.githubusercontent.com/vpei/free-node-1/main/o/proxies.txt,256
299,https://raw.githubusercontent.com/vveg26/chromego_merge/main/sub/merged_proxies.yaml,0
300,https://raw.githubusercontent.com/vveg26/get_proxy/main/dist/clash.config.yaml,0
301,https://raw.githubusercontent.com/vxiaov/free_proxy_ss/main/ss/sssub,4
302,https://raw.githubusercontent.com/vxiaov/free_proxy_ss/main/ssr/ssrsub,2
303,https://raw.githubusercontent.com/vxiaov/free_proxy_ss/main/v2ray/v2raysub,4
304,https://raw.githubusercontent.com/w1770946466/Auto_proxy/main/Long_term_subscription2,71
305,https://raw.githubusercontent.com/w1770946466/Auto_proxy/main/Long_term_subscription3,71
306,https://raw.githubusercontent.com/w1770946466/Auto_proxy/main/Long_term_subscription_num,561
307,https://raw.githubusercontent.com/webdao/v2ray/master/nodes.txt,364
308,https://raw.githubusercontent.com/wrfree/free/main/v2,52
309,https://raw.githubusercontent.com/xhmotor/V2rayn/main/v2rayn,9
310,https://raw.githubusercontent.com/xiyaowong/freeFQ/main/v2ray,0
311,https://raw.githubusercontent.com/yaney01/Yaney01/main/temporary,38
312,https://raw.githubusercontent.com/yaney01/Yaney01/main/yaney_01,27
313,https://raw.githubusercontent.com/yebekhe/TelegramV2rayCollector/main/sub/base64/mix,0
314,https://raw.githubusercontent.com/yebekhe/TelegramV2rayCollector/main/sub/normal/donated,0
315,https://raw.githubusercontent.com/yebekhe/TelegramV2rayCollector/main/sub/normal/hysteria2,0
316,https://raw.githubusercontent.com/yebekhe/TelegramV2rayCollector/main/sub/normal/reality,0
317,https://raw.githubusercontent.com/yebekhe/TelegramV2rayCollector/main/sub/normal/shadowsocks,0
318,https://raw.githubusercontent.com/yebekhe/TelegramV2rayCollector/main/sub/normal/trojan,0
319,https://raw.githubusercontent.com/yebekhe/TelegramV2rayCollector/main/sub/normal/tuic,0
320,https://raw.githubusercontent.com/yebekhe/TelegramV2rayCollector/main/sub/normal/vless,0
321,https://raw.githubusercontent.com/yebekhe/TelegramV2rayCollector/main/sub/normal/vmess,0
322,https://raw.githubusercontent.com/youkai0100/youkai/master/README.md,0
323,https://raw.githubusercontent.com/zhangkaiitugithub/SubCrawler/main/sub/share/all,0
324,https://raw.githubusercontent.com/zhangkaiitugithub/passcro/main/speednodes.yaml,61
325,https://raw.githubusercontent.com/zhlx2835/freefq/main/clash.yaml,0
326,https://raw.githubusercontent.com/zhlx2835/freefq/main/v2,19
327,https://raw.githubusercontent.com/zjfb/SubCrawler/main/sub/share/all,14
328,https://raw.githubusercontent.com/zjr13808836946/zjr_clash/main/V2_SSR_M,0
329,https://raw.githubusercontent.com/zzz6839/SubCrawler/main/sub/share/all,0
330,https://rvorch.treze.cc/clash/proxies,0
331,https://sub.diba.workers.dev,1
332,https://sub.pmsub.me/base64,0
333,https://sub.pmsub.me/clash.yaml,0
334,https://sub.sharecentre.online/sub&flag=clash,0
335,https://timell.pages.dev/clash/proxies,0
336,https://tt.vg/freev2,19
337,https://v2ray.neocities.org/v2ray.txt,1
338,https://v2rayshare.com/wp-content/uploads/2022/12/20221208.txt,0
339,https://www.liesauer.net/yogurt/subscribe?ACCESS_TOKEN=DAYxR3mMaZAsaqUb,0
340,https://www.xrayvip.com/free.txt,19
341,https://youlianboshi.netlify.app,0
342,https://zfjvpn.gitbook.io/123,228
343,dynamic://sharkdoor,0

总计,,15465
